Country Name,Country Code,YEAR,RealGDP,NomOutput,lnGDP,Output,Debt,Debt service,Defaulted Coupons
Argentina,ARG,1970,220734180309.322,31584210365.5447,26.1202250104846,0.0676832977257046,1963191433.6,472423169.7,0
Argentina,ARG,1971,233223609573.669,33293199095.4881,26.1752635280377,0.100622789328442,2256903964.5,442763471.6,0
Argentina,ARG,1972,237021461356.448,34733000536.2862,26.1914165282284,0.0946767635687058,2498891468.3,487413787.2,0
Argentina,ARG,1973,243685921868.226,52544000116.9037,26.219146027621,0.100307237010924,2938707750.5,678452864.9,0
Argentina,ARG,1974,257171024124.452,72436777342.4554,26.2730071640382,0.132069347477808,3421164058.1,810832252.6,0
Argentina,ARG,1975,257097956426.363,52438647921.9226,26.2727230026311,0.109686160120289,3302795689.9,806543586.5,0
Argentina,ARG,1976,251909073021.038,51169499892.1722,26.2523340380011,0.0671981695398751,4654292884.8,889630565.4,0
Argentina,ARG,1977,269376820356.431,56781000101.0848,26.3193770554853,0.112142161073711,5266271831.3,1062465123,0
Argentina,ARG,1978,257238364643.474,58082870156.329,26.2732689808747,0.0439350605127469,6977657037.8,2138295836.9,0
Argentina,ARG,1979,283535234199.299,69252328951.6441,26.3706022352817,0.119169288969353,8827035027.4,1489840750.2,0
Argentina,ARG,1980,287841521828.634,76961923741.0701,26.3856758941991,0.112143921936405,10346063712.9,2065779181.2,0
Argentina,ARG,1981,272903153784.458,78676842366.5529,26.3323828211511,0.0367518229380283,10722128187.8,2173698889.5,835000
Argentina,ARG,1982,270895516738.16,84307486836.724,26.3249990363921,0.00726901222858695,16039004262.2,2341053608.3,0
Argentina,ARG,1983,282677015450.457,103979106777.911,26.3675707946634,0.0277417445495811,25628655633.2,2466844770.9,1950112805.7
Argentina,ARG,1984,287117132733.287,79092001998.032,26.383156097435,0.0212280213707694,26904139600.9,2601223907,4469484113.3
Argentina,ARG,1985,272218554792.861,88416668900.2596,26.3298710908687,-0.0541560111458922,37538037698.1,4287866477.8,906794342.7
Argentina,ARG,1986,288969188904.054,110934442762.694,26.3895859065866,-0.0165402213784408,41196296224.1,4726480553.4,3981010803.3
Argentina,ARG,1987,296785426416.393,111106191358.197,26.4162752446634,-0.0119499092519476,49483262859.3,4645376194,2449162746.5
Argentina,ARG,1988,293550663101.649,126206817196.091,26.4053160783594,-0.0450081015064117,47819537776.8,3778673673.5,4119592887.9
Argentina,ARG,1989,272541389928.67,76636898036.4712,26.3310563291621,-0.141366876654,52113884850.7,2792957639.1,8005380238.2
Argentina,ARG,1990,265817211205.311,141352368714.691,26.3060747335946,-0.188447498171888,47154009319.6,4835574393.2,11925716619
Argentina,ARG,1991,290094591011.844,189719984268.485,26.393472882646,-0.123148375070859,47843448833.1,3776348514.6,13607273505.1
Argentina,ARG,1992,313120244489.89,228788617201.696,26.4698531214124,-0.0688671622549066,47871495736.2,3230342128,14858022335.5
Argentina,ARG,1993,338817957426.035,236741715015.015,26.5487288013481,-0.0120905082695283,46139573174.2,4447111158.5,721196.1
Argentina,ARG,1994,358592053441.545,2.5744e+11,26.6054512379208,0.0225329023527893,50588760023.7,3613640783.9,908909.8
Argentina,ARG,1995,348389357874.283,258031750000,26.5765865357472,-0.0284308257712127,55221009682,5253002651.8,212279.8
Argentina,ARG,1996,367643757074.802,272149750000,26.6303802548238,0.00326386735496878,62287157338.5,6995043002.2,197471.7
Argentina,ARG,1997,397463514160.866,2.92859e+11,26.7083689785534,0.0591535651342555,66984541332.5,9335375521.9,7695.3
Argentina,ARG,1998,412766570325.764,298948250000,26.7461480650965,0.0748336257269392,77240805072.9,9608478923.6,4184.1
Argentina,ARG,1999,398792535409.293,2.83523e+11,26.7117071572293,0.0182936919093083,90264207975.5,11740160459.7,0
Argentina,ARG,2000,395646066535.875,284203750000,26.7037858771751,-0.0117266140952779,90357824540.8,14081205317.3,10319330.3
Argentina,ARG,2001,378202665751.853,268696750000,26.6586960416701,-0.0789154755505837,86641606230.8,9994574595.3,3921785
Argentina,ARG,2002,336999433710.193,97724004251.8602,26.5433470869122,-0.216363456258916,90234099462.9,3577304413.7,13557167187
Argentina,ARG,2003,366780211148.674,127586973492.177,26.628028625897,-0.153780943224459,96673899035.5,6833401361.2,28934013267.3
Argentina,ARG,2004,399898899166.738,164657930452.787,26.714477600024,-0.0894309950478093,103055442075.4,2583475133.6,43293240801.3
Argentina,ARG,2005,435296589745.339,198737095012.282,26.799293451211,-0.0267141698112091,59419258383,3178284455.9,20543962490.2
Argentina,ARG,2006,470325565798.353,232557260817.308,26.8766909850373,0.0285843380646886,63381279800.3,4004566750.8,19568386295.7
Argentina,ARG,2007,512690850741.56,287530508430.568,26.9629388703292,0.092733197406247,71086100933,5011131954,25618205956.5
Argentina,ARG,2008,533491913656.279,361558037110.419,27.0027097504155,0.110405051542104,70923520108.4,5873587091.3,27385008130.8
Argentina,ARG,2009,501917060966.235,332976484577.619,26.9417007257895,0.0272970009657801,75796982671.2,7623385200.5,29333543286.4
Argentina,ARG,2010,552738161802.463,423627422092.49,27.0381502395437,0.101647488769512,69184226965.5,8734949204.2,13377657131.4
Argentina,ARG,2011,585924294024.785,530163281574.658,27.0964564270936,0.13785465036903,71538394036.7,7820481977.8,18415652472.5
Argentina,ARG,2012,579910247223.428,545982375701.128,27.086139182346,0.105438379671045,70577681118.3,6104249742.2,18320362213.3
Argentina,ARG,2013,593858966307.156,552025140252.246,27.1099076976587,0.107107869033364,69886340560.7,7417613253.7,18746127992
Argentina,ARG,2014,578937574935.696,526319673731.638,27.0844604933972,0.0595616388215714,76272835930,10108412452.8,11821043973.9
Argentina,ARG,2015,594749285413.212,594749285413.212,27.1114057846377,0.0644079041116812,72820719758.1,11510933755.5,12161203612.8
Argentina,ARG,2016,582376550428.09,557531376217.967,27.0903830693303,0.0212861628538227,106602868146.7,17667247820.3,11397401746
Argentina,ARG,2017,598790850843.677,643628665302.155,27.118178210223,0.0269822777961731,128246607700.9,30254108650.6,4793058404.6
Argentina,ARG,2018,583118120294.002,524819742918.669,27.0916556104831,-0.0216393478940496,135603275668.4,26782796259.9,5174275850.3
Argentina,ARG,2019,571450737224.442,447754609218.678,27.0714441173836,-0.0639498669439898,121319446011.1,28179537886.1,5656598290
Argentina,ARG,2020,514630046744.607,385540224628.292,26.9667141236332,-0.190778886644707,118035219208.7,10684151070.1,7492580798.1
Argentina,ARG,2021,568142562825.363,487227339102.67,27.0656382150643,-0.11395382116399,114750440797.3,5762350016.7,7552545943.7
Brazil,BRA,1970,342966566876.79,42327664793.6934,26.5608988066992,-0.118753206934113,3563841591.8,403057413.9,2743592.4
Brazil,BRA,1971,381868997020.349,48869830901.7878,26.6683434469984,-0.047956561078239,4376151343.7,511860792.8,20797403.3
Brazil,BRA,1972,427465484612.615,58434858374.8696,26.7811393843155,0.0281913817954914,6209808907.8,660442362.9,35041049
Brazil,BRA,1973,487176948862.304,83592275862.9982,26.9118932387218,0.122297241758399,8114945243.1,972615572.8,40706830.2
Brazil,BRA,1974,526901058557.905,109794519727.538,26.9902786231896,0.164034631782906,11580997097.7,1259374350,39803717.1
Brazil,BRA,1975,554124187273.806,129203555238.827,27.0406546633267,0.177762677476608,14882558034.8,1842174773.3,47348478.9
Brazil,BRA,1976,610961422946.065,153168949208.207,27.1382996565569,0.238759676263487,18623475423.8,2128530572.8,62924278.4
Brazil,BRA,1977,641108263934.078,176344101401.941,27.1864641780984,0.25027620336163,23493399632.3,2967421352.5,138825399.7
Brazil,BRA,1978,672970688728.912,200278646123.581,27.234967612491,0.262131643310816,31802650621.5,4621097331.9,289710475.7
Brazil,BRA,1979,718460547037.255,221338204480.222,27.3003766307801,0.29089266715655,37288368959,6626528937.1,359445305.8
Brazil,BRA,1980,784558917364.681,237393489892.637,27.3883875081028,0.342255550035898,41839110578.5,8185182953.1,445653709.1
Brazil,BRA,1981,751215163376.685,258015174748.648,27.3449579501755,0.262177997665204,46770175735.5,9292741539.9,465978251.3
Brazil,BRA,1982,757450249232.708,271314113768.417,27.3532236945925,0.233795747638874,53271501811.2,10383594288.8,446118499.4
Brazil,BRA,1983,735256956930.19,189656506321.431,27.3234858763285,0.167409934931555,60603760812.4,7479346198.5,467163701.8
Brazil,BRA,1984,774960832604.42,188339974086.58,27.3760783264477,0.183354390607365,69857773423.2,7808531096.1,675930041.9
Brazil,BRA,1985,835795257963.87,176123719326.593,27.4516495132948,0.222277583011078,72998962764.9,7264029371.4,680404851.4
Brazil,BRA,1986,898396322785.362,215878631802.78,27.5238771472917,0.257857222564599,81073390256.7,7439708741.1,907724564.1
Brazil,BRA,1987,930109712979.684,237517984427.806,27.5585683870816,0.255900467911166,88692776420.9,7869738372.4,4448742614.4
Brazil,BRA,1988,929551647151.897,258816125587.505,27.5579682070096,0.218652293395771,92700054835,12575785345.9,1163348685.4
Brazil,BRA,1989,958925479201.9,347028139590.227,27.5890792020346,0.213115293977465,88486466771.6,9511105410.1,4707448013.7
Brazil,BRA,1990,917212220856.615,390725626002.866,27.5446047119328,0.131992809432274,88105161011.2,5759833546,12392671993.4
Brazil,BRA,1991,926679589877.167,342609231342.783,27.5548737007764,0.105613803832486,85950307951.4,5245379350.9,15223081542.7
Brazil,BRA,1992,921637785237.654,328187960871.951,27.5494181256544,0.063510234267179,91467585844.6,5368793372.2,8226658320.9
Brazil,BRA,1993,967025589117.641,368295778245.09,27.5974907944256,0.0749349085950475,92057533816.6,5328859107.8,13022285792.7
Brazil,BRA,1994,1023624343217.9,525369851353.742,27.6543707229128,0.0951668426388705,95840926759.6,8677053162.2,5414193533.8
Brazil,BRA,1995,1066860123057.74,769333330411.575,27.695740985988,0.0998891112707318,98763857925.5,13208144323.9,5465202726.8
Brazil,BRA,1996,1090425612783.91,850426432991.742,27.7175892063998,0.0850893372391396,96829028507.9,12999849484.8,4916343172.1
Brazil,BRA,1997,1127443882933.16,883206452805.504,27.7509741358502,0.0818262722461348,88266784835.1,13327444193.9,4282275895.2
Brazil,BRA,1998,1131255747038.65,863711007313.877,27.7543494122028,0.0485535541554086,99176483490.9,17375923673.2,3561104354.6
Brazil,BRA,1999,1136549317651.98,599642075029.835,27.7590178736239,0.0165740211331695,93029551709,22012658334.9,2345219792.7
Brazil,BRA,2000,1186420527155.95,655448188237.371,27.8019619296737,0.0228700827395671,96621779221.7,17875038556.8,1997699261.3
Brazil,BRA,2001,1202910543363.1,559991261406.197,27.815765188862,2.53474844920179e-05,96618417433.9,15851073136,8000
Brazil,BRA,2002,1239640958003.7,509788814956.855,27.8458429036208,-0.00654493220005511,99686853023.3,21884097900,8000
Brazil,BRA,2003,1253783141526.78,558229210852.965,27.8571866097929,-0.0318492204713497,100064364208.9,20723994164.9,244000
Brazil,BRA,2004,1326000607099.75,669293772178.729,27.9131884655351,-0.0124953591724978,97455861807.8,20535861959.7,32724.2
Brazil,BRA,2005,1368460897672.78,891630177209.99,27.9447077918898,-0.0176240272611334,94354180319,16181584702.1,9000
Brazil,BRA,2006,1422679163956.12,1107640289661.2,27.9835629450729,-0.0154168685214055,84551656462,31661188376.7,52813.8
Brazil,BRA,2007,1509033948357.92,1397084349956.35,28.0424907927163,0.00686298467863628,79869902875,21201928120.7,153561.6
Brazil,BRA,2008,1585907087042.63,1695824565928.67,28.0921776542238,0.0199018517427673,79918497337.9,22409201740.2,148059.7
Brazil,BRA,2009,1583911825584.01,1667019783635.09,28.0909187421047,-0.0180050548196392,87513195186.8,13444232772.6,98218
Brazil,BRA,2010,1703152284574.41,2208871646202.82,28.1635019349703,0.0179301436025362,97485566992.5,14800234705.1,396397.1
Brazil,BRA,2011,1770842762050.66,2616201578192.25,28.2024766859489,0.0202569001378457,94712068704.8,21297957456.6,531486
Brazil,BRA,2012,1804863767940.85,2465188674415.03,28.22150623004,0.0026384497855568,116646485320.1,11772136232.9,413434.8
Brazil,BRA,2013,1859096723592.52,2472806919901.67,28.2511118532189,-0.00440392147893754,136526966244,20873290096.9,42787535.8
Brazil,BRA,2014,1868465748247.72,2455993625159.37,28.2561387545547,-0.0360250145864424,174931295064.9,14893898118.7,18435006.1
Brazil,BRA,2015,1802214373741.32,1802214373741.32,28.2200372323794,-0.108774531205183,172887433044.3,28824791665.4,0
Brazil,BRA,2016,1743175328356.73,1795700168991.49,28.1867294674,-0.178730290627913,174682574897.5,24520255935.9,0
Brazil,BRA,2017,1766235255333.29,2063507864886.88,28.1998714229037,-0.202236329567587,181160603497.2,29913570352.4,4492000
Brazil,BRA,2018,1797739006514.93,1916947014067.55,28.2175508837747,-0.221204863139929,190193210393.1,34112182990,0
Brazil,BRA,2019,1819685405632.83,1873274432754.47,28.2296847480284,-0.24571899332961,193781501832.8,41885838774.4,0
Brazil,BRA,2020,1749105698451.8,1448559976218.19,28.1901257437878,-0.321925992013541,194266070123.2,30926967997.2,0
Brazil,BRA,2021,1829904265254.51,1608981456325.08,28.2352847673449,-0.313414962899829,200521948421.8,22507630046,0
Colombia,COL,1970,50388184482.2513,7198360460.19887,24.6430225496636,-0.0291524462526095,1397220268.9,143681084.3,0
Colombia,COL,1971,53391687076.3134,7820380970.53674,24.7009208980661,-0.0095962150133556,1558205470.3,150020031.6,0
Colombia,COL,1972,57486374334.6407,8671358732.68486,24.7748137885751,0.0259545583324668,1811726928.6,168844911.6,0
Colombia,COL,1973,61351157394.5794,10315760000.3394,24.8398798733627,0.0526785259568095,2106835665.2,221755681.2,0
Colombia,COL,1974,64876245931.1876,12370029583.6419,24.8957473833531,0.070203918783949,2312017082.7,311115630.8,0
Colombia,COL,1975,66383486741.0009,13098633901.8673,24.9187141688398,0.0548285871074476,2555674960.3,252649590.7,0
Colombia,COL,1976,69522342772.9596,15341403660.4698,24.9649140166016,0.0626863177060073,2657797359.3,286278659.6,0
Colombia,COL,1977,72413433188.5492,19470960619.1297,25.0056576604057,0.0650878443469599,2879469210.6,332852172,0
Colombia,COL,1978,78546779172.7708,23263511958.0509,25.086960197278,0.108048264056047,2996643740.9,406080434.3,0
Colombia,COL,1979,82771903885.8745,27940411250.2732,25.139354515704,0.122100465318815,3571966897.1,655430694.3,0
Colombia,COL,1980,86155084341.6415,33400735644.0481,25.1794148154934,0.123818647944933,4283607164.5,550351858.6,178000
Colombia,COL,1981,88116725975.553,36388366869.0309,25.2019282040318,0.107989919320165,5285377457.4,696942397.4,178000
Colombia,COL,1982,88952443321.1805,38968039721.748,25.2113677191597,0.079087317284828,6203980135.4,900102955.6,1310000
Colombia,COL,1983,90352515674.1714,38729822781.5997,25.2269846972514,0.0563621782132856,7101494606.6,937630266.3,4666417.1
Colombia,COL,1984,93379942725.011,38253120737.9671,25.2599424131351,0.0509777769337759,7969130041,1115143120.1,8782726.2
Colombia,COL,1985,96281356710.9886,34894411351.983,25.2905405410685,0.0432337877039499,9802264713.7,1423024476.7,15833056.6
Colombia,COL,1986,101888856232.015,34942489683.9712,25.347148411352,0.0614995408242718,12401354987.2,1833479630.4,2627501.3
Colombia,COL,1987,107359199789.702,36373307085.0887,25.3994460566184,0.0754550689273867,14042283563.2,2374443039.4,8766757.5
Colombia,COL,1988,111722463663.498,39212550050.4223,25.4392836299061,0.076950525051875,14043848825.8,2799704505.6,437540886.9
Colombia,COL,1989,115536775949.056,39540080200.3938,25.472854722713,0.0721795006955846,14178388603.2,2934400254.3,338003394.8
Colombia,COL,1990,120484058766.344,47844090709.9908,25.5147832887302,0.0757659495495831,14859805244.2,3116020384.2,437452768.1
Colombia,COL,1991,122895676839.655,49175565911.0655,25.5346016766561,0.0572422203121861,14651153215.5,3113664797.3,272793254.4
Colombia,COL,1992,127866720249.853,58418985443.3172,25.5742543103427,0.0585527368355726,13759851513.6,3455842211.1,156002471.6
Colombia,COL,1993,134752867310.309,66446804802.5747,25.6267083252498,0.0726646345795216,13528977691.7,2812063787.7,205534211.1
Colombia,COL,1994,142588290955.575,81703500846.0364,25.6832272304443,0.0908414226108055,14637494449.2,3317527681.4,189387390.5
Colombia,COL,1995,150006357806.764,92507279383.0387,25.7339435155229,0.103215590526114,14249064679.9,3186366698.9,179061095.9
Colombia,COL,1996,153090270582.295,97160109277.8087,25.7542935881609,0.0852235460009136,15161176223.1,2886643964.2,10005943.7
Colombia,COL,1997,158341716456.135,106659508271.255,25.7880212969501,0.0806091376269111,15772746233.6,2746708265.5,8790645.3
Colombia,COL,1998,159243922364.124,98443739941.1664,25.7937029665519,0.047948690065475,17087220455.2,2917543051.6,9347095.3
Colombia,COL,1999,152549283593.271,86186158684.7685,25.7507535518888,-0.0333428417608693,20484869361.2,4797778953.1,8004643.6
Colombia,COL,2000,157011138831.906,99886577330.7271,25.779582587752,-0.0428559230608969,21050131722,3517207499,7532725.5
Colombia,COL,2001,159645626073.266,98211749595.5442,25.7962223587589,-0.064558269217139,21999603692.5,4433822045.6,6596634.3
Colombia,COL,2002,163643121364.177,97963003804.7851,25.8209538044051,-0.0781689407341775,20891296811.6,4897194367.2,194746.2
Colombia,COL,2003,170055103810.761,94641378693.223,25.8593883615379,-0.0780765007645815,22941091658.3,5555794742.8,218976.5
Colombia,COL,2004,179124180023.818,117081522349.677,25.9113451454085,-0.0644618340572865,23921919034.5,3735277474.2,0
Colombia,COL,2005,187773658763.744,145619193046.094,25.958503131709,-0.0556459649199281,22496235367.8,6699750417.4,0
Colombia,COL,2006,200386168873.169,161618580752.946,26.0235121861763,-0.0289790276158349,24933939012.2,5118044706.4,0
Colombia,COL,2007,213888579065.498,206181823187.675,26.0887210578061,-0.00211227314931286,27658024422.1,4806600322.5,0
Colombia,COL,2008,220911495457.467,242186949772.533,26.1210279852103,-0.0081474629083339,29206712361.1,4310694648.7,0
Colombia,COL,2009,223429110323.159,232397835356.357,26.1323600209257,-0.0351575443560962,35547219160.7,3784572012.1,0
Colombia,COL,2010,233471486873.475,286563099757.482,26.1763257947082,-0.0295338877368602,37057569573.3,4439643161.5,0
Colombia,COL,2011,249692833589.596,334943877377.472,26.2434973337386,-0.000704465869708671,41592552980.3,4432212513.6,0
Colombia,COL,2012,259462404704.661,370921317942.564,26.2818776531596,-0.000666263611931252,46180960788.4,5050186623,0
Colombia,COL,2013,272783187748.922,382116120909.218,26.3319431325303,0.0110570985955282,53594414754,4294014393.2,0
Colombia,COL,2014,285055785203.729,381112110485.385,26.3759507356179,0.0167225845199677,61616251366.8,5331275628.4,0
Colombia,COL,2015,293481753078.868,293481753078.868,26.4050813041929,0.00751103593172445,69099747174.8,4857425625.2,0
Colombia,COL,2016,299607839838.107,282825012368.255,26.425740255931,-0.0101721294933405,73332070704.3,5858551870.4,0
Colombia,COL,2017,303680591569.989,311883730442.045,26.4392423003705,-0.0350122022170843,74477014492.8,10178966474.5,0
Colombia,COL,2018,311467946721.7,334198218100.719,26.4645622701096,-0.0480343496412751,74893146825.6,10335211174.5,0
Colombia,COL,2019,321393979777.57,323109540251.855,26.4959335588285,-0.0550051780855485,75092259099,8475122146.4,0
Colombia,COL,2020,298741646109.87,270299984937.97,26.422844976989,-0.166435877088251,85521569388.4,7073991270.2,0
Colombia,COL,2021,330638330721.984,314464137241.33,26.5242909585102,-0.103332012730298,93900682305.2,13346180003.9,0
Ecuador,ECU,1970,17347894301.4979,2862504169.99893,23.5767369700659,-0.12513707915307,233172588.1,26710557.9,0
Ecuador,ECU,1971,18439528973.2386,2754220263.02528,23.637762510998,-0.0998783182324521,254792965.1,35923075.9,0
Ecuador,ECU,1972,19364758284.5524,3185987234.84089,23.6867206677569,-0.0866869414850273,334419121.8,40819786.9,473000
Ecuador,ECU,1973,22066274158.4958,3891755551.94138,23.8173162236837,0.00814183443040345,366739123.7,49706169.3,0
Ecuador,ECU,1974,24539574622.0139,6599259420.99605,23.9235529420127,0.0786117727479219,378998193.9,97962265.5,0
Ecuador,ECU,1975,27232094540.8722,7731677256.80982,24.0276620610144,0.146954111738184,522279992.3,55053453.2,0
Ecuador,ECU,1976,29246503666.7275,9091924304.83477,24.0990258707182,0.182551141430588,695102930.2,87239737,0
Ecuador,ECU,1977,29715863873.7949,11026346589.5011,24.1149468773194,0.162705368020334,1223164571.4,123933861.7,0
Ecuador,ECU,1978,31411696205.8418,11922502170.6405,24.1704461511351,0.182437861824611,2330101233.8,214432273.8,0
Ecuador,ECU,1979,32584624145.8131,14175166007.5774,24.2071063620874,0.183331292765438,2714392148.3,955041877.4,0
Ecuador,ECU,1980,33793084551.9767,17881514682.8784,24.2435220194482,0.183980170114829,3412423611.2,567423193.1,529000
Ecuador,ECU,1981,35689844469.6974,21810767209.3695,24.2981320166272,0.202823387282393,4299236471,930462519.3,568000
Ecuador,ECU,1982,35909281820.1435,19929853574.6095,24.3042616455454,0.173186236189113,3987975417,1114857144.2,607000
Ecuador,ECU,1983,35788314663.8059,17152483214.3536,24.3008872710321,0.134045081664399,5644166367.7,545497928.6,3607000
Ecuador,ECU,1984,36727855721.8459,16912515183.2783,24.3268013155978,0.124192346218708,6649718044.1,1015717012.3,80326962.8
Ecuador,ECU,1985,38173097362.9211,17149094589.9827,24.365396846938,0.127021097547418,7288214242.7,954345483.8,63641269.9
Ecuador,ECU,1986,39495712166.1056,15314143988.0621,24.3994579502044,0.125315420802402,8343481777.2,1003747654.4,23362703.7
Ecuador,ECU,1987,39393379286.0295,13945431882.2271,24.3968636007046,0.0869542912911891,9071272781.5,604085987.2,735095583.3
Ecuador,ECU,1988,41713833407.2993,13051886552.3377,24.4540986471249,0.108422557700031,9091534681.9,824959662,1119323317.2
Ecuador,ECU,1989,42133381944.2238,13890828707.6493,24.4641061837299,0.0826633142935862,9485749448,827705665.5,1616986819.5
Ecuador,ECU,1990,43683854187.3025,15239278100.3502,24.5002444013792,0.0830347519314774,9920316970.6,881661347.8,2618456588
Ecuador,ECU,1991,45558477943.1319,16988535267.6338,24.5422625672222,0.0892861377630452,10003665701.6,933949150,3701171536.9
Ecuador,ECU,1992,46521725705.7094,18094238119.0595,24.5631852599043,0.0744420504337044,9813875870.1,814995380.8,4252565032.2
Ecuador,ECU,1993,47439700807.8818,18938717358.6793,24.5827252848681,0.0582152953860995,9943744545.9,760542290.9,5205392977.7
Ecuador,ECU,1994,49459802089.652,22708673336.6683,24.6244260976094,0.0641493281158787,13581933331.5,866961331.1,5777479126.3
Ecuador,ECU,1995,50573908255.3626,24432884442.2211,24.6467016331209,0.0506580836159965,15075259500.5,1498187641.3,21723171.4
Ecuador,ECU,1996,51449720654.55,25226393196.5983,24.6638708697569,0.0320605402405716,15396776634.4,1254474675.5,254732805.8
Ecuador,ECU,1997,53676394986.1005,28162053026.5133,24.7062391698677,0.0386620603399372,15813115366.1,2026971864.2,334660848
Ecuador,ECU,1998,55429750211.1927,27981896948.4742,24.738382293985,0.0350384044457949,15961956834.1,1665272369.8,364038460.9
Ecuador,ECU,1999,52802720505.7765,19645272636.3182,24.6898285510619,-0.0492821184887669,16354233280.1,1546325666.3,651794949.1
Ecuador,ECU,2000,53379221434.2819,18327764882.4412,24.7006873954714,-0.0741900540907088,14751635808.4,2343793783.4,9227356.3
Ecuador,ECU,2001,55522733410.3626,24468324000,24.7400583848286,-0.0705858447448893,14533332984.6,1451571269.4,8369250.8
Ecuador,ECU,2002,57797375793.0758,28548945000,24.7802092100902,-0.0662017994947804,14320657124.6,1751833344.2,6827446.2
Ecuador,ECU,2003,59371127439.9001,32432858000,24.8070738751093,-0.0751039144870765,14479629046.8,1446202105.5,5126324.3
Ecuador,ECU,2004,64246103132.8511,36591661000,24.8859869072536,-0.0319576623542591,14123418885.1,2047836462.6,5854300.5
Ecuador,ECU,2005,67645562499.1411,41507085000,24.9375475944249,-0.0161637551943387,14108970339.8,1717048088.4,5471218.5
Ecuador,ECU,2006,70624352725.1051,46802044000,24.9806408614168,-0.0088372682139569,13561421252.8,2524747831.1,654050.2
Ecuador,ECU,2007,72171071229.7691,51007777000,25.0023051270654,-0.0229397825767864,13978901613,1960063117.7,712722.4
Ecuador,ECU,2008,76759080483.1984,61762635000,25.0639375289,0.00292583924643495,13328113926.3,1744227551.1,31302469.9
Ecuador,ECU,2009,77193914220.309,62519686000,25.0695864595266,-0.0271920101383775,7102384140.2,7018424906.3,28633492.9
Ecuador,ECU,2010,79915230250.8205,69555367000,25.1042322879594,-0.0283129617170483,8787331017.8,967582417.7,50622823.1
Ecuador,ECU,2011,86203073182.7862,79276664000,25.179971665753,0.0116596360651223,10151521365.3,1429866819,98111267.1
Ecuador,ECU,2012,91066617872.099,87924544000,25.2348571401633,0.0307783304639632,10413398850.4,1715112374.6,188112355.3
Ecuador,ECU,2013,95571238385.5329,95129659000,25.2831377580304,0.0432921683196342,12482173604.3,1849606668.7,201843274.5
Ecuador,ECU,2014,99192306978.8112,101726331000,25.3203262976132,0.0447139278910124,17564700191.9,2031042272.7,194780816.1
Ecuador,ECU,2015,99290381000,99290381000,25.321314535229,0.00993538549535189,20144626316.5,3172444248.1,209724649.3
Ecuador,ECU,2016,98072699669.1292,99937696000,25.3089748739531,-0.0381710557919865,25566764833.4,3057839557.7,224679547.4
Ecuador,ECU,2017,100395440274.107,104295862000,25.3323826275762,-0.0505300821803293,31613487360.2,4657259350.1,256616720.2
Ecuador,ECU,2018,101689830586.566,107562008000,25.3451931407688,-0.0734863489991641,35480842844.8,5440339219.4,256640992.2
Ecuador,ECU,2019,101702140245.144,108108009000,25.3453141844712,-0.109132085308207,38390708595.6,6301806523.5,269444923.2
Ecuador,ECU,2020,93781977159.7812,99291124000,25.2642385333434,-0.225974516447419,37811122942.7,4984999968.3,284413900.8
Ecuador,ECU,2021,97753879511.9558,106165866000,25.3057187231262,-0.220261106676067,38706933875.5,3109260637.4,299425597
Indonesia,IDN,1970,77218699133.8141,9150684931.50685,25.0699074814067,-0.101470659376235,2486792436.8,83409136.6,65743421.5
Indonesia,IDN,1971,82642538396.3335,9333536359.74431,25.1377903776018,-0.0856340395827109,3426387550.4,104678707.7,40188154.9
Indonesia,IDN,1972,88458625386.3256,10997590361.4458,25.2058007698845,-0.0696699237016509,4203423463.7,140422680.4,42585240.4
Indonesia,IDN,1973,95627290746.4176,16273253012.0482,25.2837240843243,-0.0437928856635132,5244679342,207970230.7,2e+05
Indonesia,IDN,1974,102545202114.854,25802409638.5542,25.3535695345571,-0.0259937118323323,6357920877.2,292001763.4,0
Indonesia,IDN,1975,108295400364.285,30463855421.6867,25.4081285188075,-0.0234810039835326,7993812015.2,523920155.4,0
Indonesia,IDN,1976,115962331363.527,37269156626.506,25.4765312456919,-0.00712455350076303,10003058797.7,761025453.9,0
Indonesia,IDN,1977,125545995112.579,45808915662.6506,25.5559380232963,0.0202359477020141,11703538470.3,1262326981.1,0
Indonesia,IDN,1978,134171292486.725,51455719100.27,25.6223831227045,0.0346347707085287,13219712413.7,2064914115.4,0
Indonesia,IDN,1979,143754956235.777,51400186379.1873,25.6913759941914,0.0515813657938459,13375748316.7,2103723246.7,0
Indonesia,IDN,1980,158130451859.355,72482337370.8551,25.7866861739958,0.0948452691965371,15020697366.2,1763304639.5,0
Indonesia,IDN,1981,170589214733.122,85518233450.1818,25.8625242503873,0.118637069186408,15908139319.3,2039121798.3,0
Indonesia,IDN,1982,174422680232.743,90158449307.26,25.884747387172,0.0888139295694838,18317280486.7,2236153958.1,0
Indonesia,IDN,1983,182089611231.984,81052283404.2179,25.9277647722557,0.0797850382515395,21492883588.6,2524108008.1,0
Indonesia,IDN,1984,194548374105.752,84853699994.5677,25.993946679137,0.0939206687312096,22273353802.3,3228207885.5,0
Indonesia,IDN,1985,199340205980.277,85289491746.8428,26.0182787797965,0.0662064929890996,26783052568.2,3987616473.8,63142942
Indonesia,IDN,1986,210840602479.14,79954072569.4637,26.0743682464476,0.0702496832385136,32618565378.8,4691800272.2,67330300.4
Indonesia,IDN,1987,221382632603.097,75929617576.2282,26.123158410617,0.0669935710063113,40878819897,5677157175.6,85701644.5
Indonesia,IDN,1988,233841395476.864,84300174475.7955,26.1779089253884,0.0696978093760831,41158754894.8,6947881419.9,73893118
Indonesia,IDN,1989,252050356600.062,94451427898.007,26.2528947322729,0.0926373398590076,44240527545.8,7715729246.1,70534404.1
Indonesia,IDN,1990,270259317723.261,106140727356.675,26.3226477710333,0.110344102217727,47958793863,7394726059.3,1295830.6
Indonesia,IDN,1991,288571595709.615,116621996217.133,26.3882090574779,0.123859112260708,51871860844.5,7582428263.9,1239767.1
Indonesia,IDN,1992,307321553946.56,128026966579.964,26.4511604433777,0.134764221758839,53649251692.3,8175336275.2,1154555.1
Indonesia,IDN,1993,327286416333.046,158006700301.533,26.5141015154018,0.145659017381322,57141126589.4,8921287544.4,1134460.4
Indonesia,IDN,1994,351963717524.103,176892143931.505,26.5867939320163,0.166305157594167,63921831286.8,8791971040.3,0
Indonesia,IDN,1995,380895161146.503,202132028723.115,26.6657900066131,0.193254955789338,65310012875.8,9490342798.5,0
Indonesia,IDN,1996,410674257411.067,227369679374.973,26.7410661761565,0.216484848931082,60078734948,11749429489.9,0
Indonesia,IDN,1997,429975449993.557,215748998609.635,26.7869939509659,0.210366347338897,56035596435.3,8919014183,32230.6
Indonesia,IDN,1998,373533752988.269,95445547872.715,26.6462742068827,0.0176003268540669,67553850804.4,7134336148.3,2710229988.5
Indonesia,IDN,1999,376488875933.227,140001351215.462,26.6541543377558,-0.0265658186744987,73936300133.2,9250012381.2,6500065750.6
Indonesia,IDN,2000,395012383689.125,165021012077.81,26.7021829524678,-0.0305834803641128,70042793095.1,7664955377.6,7632024000
Indonesia,IDN,2001,409404527351.182,160446947784.909,26.7379695686156,-0.0468431406179657,68860119636.6,6710346368.8,8632024000
Indonesia,IDN,2002,427825583308.405,195660611165.183,26.7819814338366,-0.0548775517986091,71605445734.8,6568222072.3,9406024000
Indonesia,IDN,2003,448277225387.513,234772463823.808,26.8286776846481,-0.0602275773887682,74511532834.5,7493183598.1,16806095000
Indonesia,IDN,2004,470829487520.977,256836875295.452,26.8777618431685,-0.0631896952699556,72414171020.1,10377101984.2,17761500000
Indonesia,IDN,2005,497631791817.584,285868618224.017,26.9331262666391,-0.0598715482009582,77716810204.1,8177281917.8,148100000
Indonesia,IDN,2006,525006276753.314,364570514304.85,26.9866760551872,-0.0583680360545602,76635958550.5,9044610551.5,0
Indonesia,IDN,2007,558318041704.736,432216737774.861,27.0481946041709,-0.0488957634724673,80287747385.3,10793129775.1,0
Indonesia,IDN,2008,591893633878.692,510228634992.258,27.1065927831852,-0.0425438608598225,87763206854.3,9497619189.5,0
Indonesia,IDN,2009,619291627728.719,539580085612.401,27.1518421258724,-0.0493407945742431,97457367374,9864655521.3,0
Indonesia,IDN,2010,657835435591.365,755094160363.071,27.2122206391066,-0.04100855774169,102747656653.5,11106152440.7,0
Indonesia,IDN,2011,698422462409.202,892969107923.094,27.2720900036253,-0.0331854696246204,108145988093.7,9568949734.2,0
Indonesia,IDN,2012,740537690664.799,917869910105.749,27.3306423682986,-0.0266793813529405,127404980255.5,9864692742.5,0
Indonesia,IDN,2013,781691322850.807,912524136718.018,27.3847257717539,-0.0246422542992415,128197357380,11619682254.7,0
Indonesia,IDN,2014,820828015498.845,890814755233.225,27.4335794427235,-0.02783485973133,142185029484.2,28346793755.2,0
Indonesia,IDN,2015,860854235065.079,860854235065.079,27.4811910297886,-0.0322695490677913,159571413695.3,14226805295.1,0
Indonesia,IDN,2016,904181624278.983,931877364177.742,27.5302960889715,-0.0352107662865228,177072926260.5,15987722576,0
Indonesia,IDN,2017,950021696789.269,1015618742565.81,27.5797506600057,-0.0378024716539606,194953036429.7,18344045829.7,0
Indonesia,IDN,2018,999178589070.128,1042271531011.99,27.6301993674559,-0.0394000406054723,215072354733.6,17381120265.9,0
Indonesia,IDN,2019,1049330236897.15,1119099868265.25,27.6791732069508,-0.0424724775121335,233527911328.9,21102201918.6,0
Indonesia,IDN,2020,1027661515658.56,1058688935454.78,27.6583069638183,-0.115384997046263,247933199891.9,27816775106.4,0
Indonesia,IDN,2021,1065594969739.24,1186092991320.04,27.6945544161313,-0.131183821134899,242718597354.6,37816935031.6,0
Mexico,MEX,1970,272411477753.26,3.552e+10,26.3305795459922,-0.0447177465688719,3325271963.6,705116726.2,0
Mexico,MEX,1971,282660871573.849,3.92e+10,26.3675136823524,-0.0414518561734867,3615050073.8,734402396.7,0
Mexico,MEX,1972,305920490043.321,4.52e+10,26.4465910686757,0.00395728418490629,4049804526.6,864081543.8,0
Mexico,MEX,1973,329969266443.914,5.528e+10,26.5222653550818,0.0459633246260493,5710332065.7,1091083206.7,0
Mexico,MEX,1974,349031020879.158,7.2e+10,26.5784266402394,0.0684563638187795,8303444375.1,1201514384.8,0
Mexico,MEX,1975,369081055688.623,8.8e+10,26.6342821199773,0.090643597591856,11564611868.8,1595582013.5,0
Mexico,MEX,1976,385385005141.177,89025974025.974,26.6775086849077,0.100201916557287,15978143670.6,2243225976.3,5000
Mexico,MEX,1977,398452022148.689,81814159292.0354,26.7108529318148,0.0998779174995367,20896484254.5,3570383747.8,0
Mexico,MEX,1978,434141139976.754,1.025e+11,26.7966355254981,0.151992265217951,25705578490.1,6320652970.4,595733.1
Mexico,MEX,1979,476244886366.592,134561403508.772,26.8891980260417,0.210886519796656,29214530166.2,10043823992.3,1850875.8
Mexico,MEX,1980,520217776788.95,205139086956.522,26.9775133623662,0.265533610156306,34111370375.6,7910382958.9,0
Mexico,MEX,1981,564569498227.49,263959336734.694,27.0593293276215,0.313681329446742,43229639827.2,8559254589.5,11327310.5
Mexico,MEX,1982,561629174877.105,184609157801.418,27.0541076378762,0.274791393736489,51744684425.2,9434741231.8,557695204
Mexico,MEX,1983,542048412871.024,156159198584.513,27.0186211570373,0.205636666932721,66951109474.3,11448395712.4,87849801.2
Mexico,MEX,1984,560536676759.343,184261495828.367,27.0521605131061,0.205507777036637,69912756283.5,11299119274.8,7905000
Mexico,MEX,1985,572799499049.967,195219789801.479,27.0738015780289,0.19348059599451,72898850490.8,10594884830.9,0
Mexico,MEX,1986,555163258082.903,134550096436.744,27.0425280661446,0.12853883814535,76019956236.3,8628727785.1,0
Mexico,MEX,1987,564725608286.94,147540738281.817,27.0596058010775,0.111948327113371,84541747215,8656482861.7,0
Mexico,MEX,1988,571972511756.533,181611549975.804,27.0723567708018,0.0910310508727557,80785043247.6,9934594243.8,877000
Mexico,MEX,1989,595454896594.037,221400669713.589,27.1125914824771,0.097597516583175,76292660739.6,9513838243.4,4432957
Mexico,MEX,1990,626274262889.668,261253582805.945,27.1630542317322,0.114392019873395,76136183815.9,7863499725.7,0
Mexico,MEX,1991,652670187687.28,313142768453.485,27.2043377661764,0.122007308352715,77976942269,9279728892.6,0
Mexico,MEX,1992,675781907471.657,363157598242.27,27.2391362388523,0.123137535063765,71295297584.2,15322370706.3,0
Mexico,MEX,1993,688899887486.446,500736065605.341,27.2583617962221,0.108694846468603,75269369903.8,10603845926.4,0
Mexico,MEX,1994,722938986701.871,527813238126.278,27.3065906664735,0.123255470755161,79633406733.9,11778912835.3,0
Mexico,MEX,1995,677457226352.726,360073909243.855,27.2416122531725,0.0246088114892502,95256990758.2,15487833817.6,0
Mexico,MEX,1996,723343156837.845,410975595310.156,27.3071495756024,0.0564778879542878,94125446238.2,26756347380.8,0
Mexico,MEX,1997,772869394254.07,500413483109.175,27.3733759116907,0.0890359780777274,84441068834,28302671879.9,0
Mexico,MEX,1998,812779791419.35,526502129378.284,27.4237260505424,0.105717870964545,88036310271.1,17622313122.9,0
Mexico,MEX,1999,835160123888.656,600232874042.927,27.4508893085488,0.0992128830060217,88749599558.9,16065377631.9,0
Mexico,MEX,2000,876437526455.268,707906744574.644,27.4991312626183,0.113786591110616,82767381456.6,24799711661.9,0
Mexico,MEX,2001,872893299631.652,756706300589.791,27.4950791626721,0.0760662451995102,96004743007.9,24453058842.8,0
Mexico,MEX,2002,872545499822.64,772106378935.377,27.4946806384571,0.0419994750197068,101233617972.3,19433520040,0
Mexico,MEX,2003,885165846839.51,729336319677.449,27.5090408619564,0.0226914525540506,109049864305.1,22052819386.9,0
Mexico,MEX,2004,919869577686.507,782240601984.76,27.5474977335559,0.0274800781886701,112130505704.2,25138489807.8,0
Mexico,MEX,2005,941098392797.58,877476221382.101,27.5703135330184,0.0166276316862605,115549406066,23230257279.2,0
Mexico,MEX,2006,983401498615.029,975387131716.089,27.6142833158351,0.0269291685380648,105465177068.6,38814832589.6,0
Mexico,MEX,2007,1005935610109.39,1052696282278.87,27.6369391797022,0.0159167864402779,120831583235.3,21477634322.8,0
Mexico,MEX,2008,1017439334703.69,1109989063586.62,27.6483101305729,-0.00638050865389666,128375103765,22043438043.1,0
Mexico,MEX,2009,963660094723.917,900045350649.351,27.5940044705453,-0.0943544146463932,118878063672.2,17891436782.1,0
Mexico,MEX,2010,1012981356870.87,1057801295584.05,27.643918937147,-0.0781081940095075,145925213054.5,19800089082.1,0
Mexico,MEX,2011,1050086944297.42,1180489601957.61,27.6798940807627,-0.0758012963587401,164302056445.5,19701066496.6,0
Mexico,MEX,2012,1088334499223.12,1201089987015.45,27.7156696612499,-0.0736939618363846,195901051347.2,37216356347,0
Mexico,MEX,2013,1103071549191.52,1274443084716.57,27.7291197219035,-0.0939121471477538,220032999548.9,22466430550.4,0
Mexico,MEX,2014,1134506587182.86,1315351183524.54,27.7572189473926,-0.0994811676234842,247453037063.7,19278041319.2,0
Mexico,MEX,2015,1171867608197.72,1171867608197.72,27.789619838414,-0.100748522566965,259358343960.4,26184462074.1,0
Mexico,MEX,2016,1202693965604.17,1078490651625.31,27.8155851278763,-0.108451479069572,269135653308.8,40791424242.6,0
Mexico,MEX,2017,1228108442202.22,1158913035796.37,27.8364962497368,-0.121208603173913,289216351399.9,36346938241.5,0
Mexico,MEX,2018,1255065357728.63,1222408203104.3,27.8582087650277,-0.133164333847936,297826792417.4,30949664314.5,0
Mexico,MEX,2019,1252567178093.5,1269011767478.56,27.8562163036715,-0.168825041169026,306433065562.1,42292182220.3,0
Mexico,MEX,2020,1152513209905.93,1090515389749.41,27.772966073709,-0.285743517096469,309061251393.4,41963401342.8,0
Mexico,MEX,2021,1206918348543.94,1272839334119.3,27.8190914074905,-0.273286429279782,290868145434.2,52018279654,0
Philippines,PHL,1970,50739197210.2886,7559179530.34229,24.6499645693583,-0.000711814409609633,624977768.6,101130334.3,0
Philippines,PHL,1971,53473536818.2698,8375086047.07931,24.7024527295633,0.0134749171333985,700330684.8,97283883.5,0
Philippines,PHL,1972,56377357074.2076,9067872578.95368,24.7553334445242,0.0280542034322298,875558407.1,139432904.8,0
Philippines,PHL,1973,61328421715.4162,11412421019.6409,24.8395092219537,0.0739285521998043,895171308,238958914.9,0
Philippines,PHL,1974,63410280230.8023,15607825071.0824,24.8728918339957,0.0690097355797903,1132130925,199102313.7,0
Philippines,PHL,1975,66866839836.1197,16875240683.5083,24.9259690135753,0.0837854864973285,1459688935.6,236164745.1,0
Philippines,PHL,1976,72736680731.3027,19380945792.5084,25.0101116435051,0.129626687765161,2220004845,256136427.4,117119
Philippines,PHL,1977,76783000642.3228,22283185055.6546,25.0642491067964,0.145462722394422,3023098819.9,318001626.6,142785.9
Philippines,PHL,1978,80769869289.5581,25762077665.6982,25.114869828095,0.157782015031039,4160949919.1,618711066.1,177160.5
Philippines,PHL,1979,85289404733.576,31218507869.8746,25.1693160719305,0.17392683020456,5082457327.1,783724810.7,548100.9
Philippines,PHL,1980,89725060254.8636,36848242784.3012,25.2200159455303,0.186325275142381,6362604146.9,596241125.7,493904
Philippines,PHL,1981,92795639106.6656,40499645207.3523,25.2536654832493,0.181673384199406,7470866988.4,865586350.9,484292.5
Philippines,PHL,1982,96227598682.5388,42206011275.1757,25.2899820420653,0.179688514353377,8859144574.9,1041311253,717135.5
Philippines,PHL,1983,98052989837.8276,37759237657.8149,25.3087738821155,0.160178925741568,10570755283.1,1200365270.1,85052413.3
Philippines,PHL,1984,91150669045.5334,35730202751.1124,25.2357796780939,0.0488832930579738,11300326735.7,1152456469.2,456036770.1
Philippines,PHL,1985,84899212334.1854,34961565262.5582,25.1647306526492,-0.0604671610486603,13711548307.4,1236183530.9,830789532.7
Philippines,PHL,1986,87879755423.2442,33987178952.4029,25.1992353013825,-0.0642639409773714,19262582848.2,1865547180.3,24546184.1
Philippines,PHL,1987,91712903095.708,37791442730.5921,25.241928916187,-0.0598717548349159,22893702286.6,2334772773.5,674716829.7
Philippines,PHL,1988,97854853030.1312,43152077817.6509,25.3067511261875,-0.0333509734964378,22362169071.7,2571238642,342427240.6
Philippines,PHL,1989,103906117099.018,48513735778.6601,25.3667536081888,-0.0116499201571152,22333391361.2,2222153511.7,26944532.3
Philippines,PHL,1990,107109202426.321,50508286641.5746,25.3971147343907,-0.0195902226172019,24039981965.9,2896463677.5,234350151.4
Philippines,PHL,1991,106641788491.595,51784207132.0955,25.3927412839778,-0.06226510169213,25101093515,2757969816.4,343694782.5
Philippines,PHL,1992,107087155596.942,60422309295.4434,25.3969088781412,-0.0963989361906684,25832224809.8,3790680280,2743000
Philippines,PHL,1993,109423679520.79,62036625222.1624,25.4184931525143,-0.113116090479557,27688153416.6,4254544712.4,0
Philippines,PHL,1994,114209505698.421,73159245525.6424,25.4613003679934,-0.108610303662436,29909702561.6,3630164333.8,0
Philippines,PHL,1995,119491952442.439,84644220101.4991,25.5065148624724,-0.101697237845495,28521570533.5,4293780603.7,0
Philippines,PHL,1996,126494596534.178,94648084429.0341,25.5634654290568,-0.0830480999230412,27067910817.1,4038951002.9,0
Philippines,PHL,1997,133055127055.883,94106183450.0029,25.6140293684333,-0.0707855892086212,26391175047.5,3280058304.2,0
Philippines,PHL,1998,132371103155.48,74492325248.0247,25.6088752025157,-0.114241183788128,29158090220.6,3602051658.7,1289000
Philippines,PHL,1999,136800837504.278,85640133799.7902,25.6417919642234,-0.119625850742447,34759979144,4260196610.1,1318354.2
Philippines,PHL,2000,142796140820.134,83669693589.1547,25.6846838614176,-0.115035382210238,33733859070.9,4396663470.3,1289000
Philippines,PHL,2001,147150325740.884,78921234457.5487,25.714720525289,-0.123300147000874,29202683368.5,5471123496.9,1289000
Philippines,PHL,2002,152618807081.076,84307291973.8158,25.7512091925087,-0.125112908443171,32308339024.4,5524742068.3,1289000
Philippines,PHL,2003,160382390172.787,87039145965.2826,25.8008267393991,-0.113796790214755,36138320832.5,5640871630.6,1289000
Philippines,PHL,2004,170918275875.934,95002028504.6904,25.8644513603553,-0.0884735979205792,35975281417.7,6846471132.1,0
Philippines,PHL,2005,179365920410.027,107419961717.693,25.912693804256,-0.0785325826818714,35359165614.5,5762213577.7,1392328.2
Philippines,PHL,2006,188901760374.51,127652859201.041,25.964492930492,-0.0650348851078096,36969646375.5,8477626004.1,1838532
Philippines,PHL,2007,201216816876.764,155980378253.634,26.0276488545656,-0.0401803896961978,38131875717.6,5076737962.1,125128.5
Philippines,PHL,2008,209958655941.685,181624577154.679,26.070176471813,-0.0359542011108396,39250326276.8,6457205091.9,597276.3
Philippines,PHL,2009,212999535577.942,175974711592.145,26.0845558222682,-0.0598762793176217,42188249385.2,6681956406,0
Philippines,PHL,2010,228621986430.442,208368726861.407,26.1553357622931,-0.0273977679547164,45086142812.4,9790158425.8,0
Philippines,PHL,2011,237442754962.828,234216930369.796,26.1931923996328,-0.0278425592769986,44624127786,7737211775.5,0
Philippines,PHL,2012,253819067112.719,261920509950.555,26.2598875159325,0.000551128360674062,43040953120.4,5477916417.4,0
Philippines,PHL,2013,270953202687.142,283902728260.716,26.3252119591033,0.0275741428694398,38582486771.9,5457441728.6,0
Philippines,PHL,2014,288153278077.449,297483247101.038,26.3867583910526,0.0508191461567742,38948334938.8,5150362068.6,0
Philippines,PHL,2015,306446140628.709,306446140628.709,26.4483078529947,0.0740671794368558,38864017177.9,5584027466.3,0
Philippines,PHL,2016,328355374915.025,318626761492.867,26.5173623189181,0.104820216698235,35768466430.1,6510184027.2,0
Philippines,PHL,2017,351113647617.654,328480867142.69,26.5843757903926,0.133532259510741,36502019740.3,5264445488.8,0
Philippines,PHL,2018,373379468921.017,346842094175.24,26.6458610823994,0.156716122855579,38354758772.6,4682838361.9,0
Philippines,PHL,2019,396224787544.859,376823278560.849,26.7052475324665,0.177801144260731,41734752038.1,6522096100.4,0
Philippines,PHL,2020,358510944430.631,361751116292.541,26.605225024918,0.0394772080501604,56394319328.9,5730747591.8,0
Philippines,PHL,2021,378957382755.316,394086401171.168,26.6606895891504,0.0566403436205581,59283796436,7612785549.8,0
Russian Federation,RUS,1992,942609535354.691,460290556900.726,27.5719179673988,0.138827258778134,64571299242.1,1358414235.8,10997288738
Russian Federation,RUS,1993,860899047519.714,435083713850.837,27.4812430842323,0.0278706766366473,101701066418.2,2103736878.8,9863441856.9
Russian Federation,RUS,1994,752686138014.082,395077301248.464,27.3469141624683,-0.126739944102452,108301652541.7,3294589010.9,18891531053
Russian Federation,RUS,1995,721498374080.086,395537185734.854,27.3045959616305,-0.18933984391524,102097010119,5864183679.2,28454048627.6
Russian Federation,RUS,1996,694405609132.078,391724890744.498,27.2663220779271,-0.247895426593745,102391857383,6323332854.7,33131855237.4
Russian Federation,RUS,1997,704126703002.417,404928954191.876,27.2802241527665,-0.254275050729439,106937580211.9,5955740166,9386300814.1
Russian Federation,RUS,1998,666808257949.712,270955486862.442,27.225768372194,-0.329012530276894,119242285204.6,7161403348.2,11620061015.5
Russian Federation,RUS,1999,709483417602.604,195907128350.934,27.287802961325,-0.287259640121017,118812116899.6,4248499370.5,14010758234.6
Russian Federation,RUS,2000,780432233409.801,259710142196.943,27.3831137485454,-0.212230551875673,90270420402.2,4713058530.2,11897902586.1
Russian Federation,RUS,2001,820234677092.259,306602070620.5,27.4328563278356,-0.182769671560453,85292632574.9,9146893441.9,10827089000
Russian Federation,RUS,2002,858785640548.236,345470494417.863,27.4787851824436,-0.157122515927571,79421946677.8,7818888030.4,9171559000
Russian Federation,RUS,2003,921476583049.999,430347770731.787,27.5492432019591,-0.10694619538707,84962852957.8,10636392615.3,7314399000
Russian Federation,RUS,2004,987822416663.347,591016690742.798,27.6187687783198,-0.0577023180014567,92130795237.9,10327831380.6,5154290000
Russian Federation,RUS,2005,1051042710015.96,764017107992.391,27.680803844501,-0.0159489507953194,76005809710.6,27671366092.1,5214989000
Russian Federation,RUS,2006,1137228929627.05,989930542278.695,27.7596156557481,0.0425811614767789,97206817768.4,35852619713.8,1252800000
Russian Federation,RUS,2007,1233893135821.89,1299705764823.62,27.8411954378416,0.103879244595181,125238710689.2,16134351210.8,644850000
Russian Federation,RUS,2008,1298055199647.43,1660846387624.78,27.8918882599992,0.134290367777701,125284976467.1,32952668344.5,769750000
Russian Federation,RUS,2009,1196806973081.95,1222644282201.86,27.8106782705884,0.0327986793919483,145896330317.6,21675962106.9,427080000
Russian Federation,RUS,2010,1250663286871.01,1524917468442.01,27.8546951560055,0.0565338658339694,165665068825.3,31708088763.2,6600000
Russian Federation,RUS,2011,1304442173222.47,2045925608274.37,27.8967966118496,0.0783536227029552,195471230960,23929301644.5,1840000
Russian Federation,RUS,2012,1356934050143.93,2208295773643.15,27.9362488958537,0.0975242077320708,210035052084.8,16478168546.8,1840000
Russian Federation,RUS,2013,1380753971008.75,2292473246621.08,27.9536508217031,0.0946444346064111,273847740156.1,22384180009.4,0
Russian Federation,RUS,2014,1390920009905.68,2059241965490.83,27.9609865217567,0.0816984356849869,231872506844.7,51020492923.9,0
Russian Federation,RUS,2015,1363481063446.77,1363481063446.77,27.9410621509411,0.0414923658942843,212190013930.2,47153434987.5,0
Russian Federation,RUS,2016,1366121990896.57,1276786979221.81,27.9429971782848,0.0231456942629636,185494821008.2,52305192767.7,0
Russian Federation,RUS,2017,1391064510462.35,1574199387070.9,27.9610904048343,0.0209572218373552,216167127962.8,27089632005.4,0
Russian Federation,RUS,2018,1430115105089.32,1657329646183.62,27.9887760500304,0.0283611680584655,195226144340.3,61980769689.9,0
Russian Federation,RUS,2019,1461550117893.8,1693113904262.89,28.0105187130027,0.0298221320556619,201325059992.6,40281081364.7,0
Russian Federation,RUS,2020,1422617966849.71,1489362488439.76,27.9835199287525,-0.0174583511695179,193502059943.3,60444822601.2,0
Russian Federation,RUS,2021,1490186403606.44,1778782625793.74,28.0299223311528,0.00866235225563536,176768541915.4,34088221691,0
South Africa,ZAF,1994,187381146228.486,153512625915.287,25.9564105945843,-0.0669425357915807,7789024059,1483784193.3,0
South Africa,ZAF,1995,193189961762.588,171735223677.318,25.9869397996244,-0.0620772079265016,9836655821.1,1765460839,0
South Africa,ZAF,1996,201497130113.101,163236785802.34,26.0290409756168,-0.04563990910908,10347474379,2234915596.5,0
South Africa,ZAF,1997,206736055498.991,168976663845.486,26.0547087223797,-0.0456360395212517,16878392969.6,2149536340.8,0
South Africa,ZAF,1998,207769735777.192,152982541794.042,26.0596962638941,-0.0663123751818307,11929749566.3,2656440911.7,0
South Africa,ZAF,1999,212756209430.574,151516560274.982,26.0834127904867,-0.0682597257643075,9380918777.1,1184782139.7,0
South Africa,ZAF,2000,221691970228.101,151753369491.916,26.1245547338244,-0.0527816596016399,10321874094,2322439993.5,0
South Africa,ZAF,2001,227677653424.683,135429607036.658,26.1511966647726,-0.0518036058283774,9020484221.9,2664826228.9,0
South Africa,ZAF,2002,236102579035.79,129088132201.846,26.1875322044674,-0.0411319433086479,16145318304.5,1910923344.8,0
South Africa,ZAF,2003,243065422272.369,197020241490.079,26.2165964715101,-0.0377315534409805,18157388738.9,2333032922,0
South Africa,ZAF,2004,254135982543.496,255806631391.551,26.2611353250531,-0.0188565770729987,17778603255.9,2000170798.5,49696.3
South Africa,ZAF,2005,267546870424.295,288868489078.987,26.3125606044733,0.00690482517219537,18358286182.1,4082310789.3,71463.5
South Africa,ZAF,2006,282539679229.874,303860874149.007,26.3670848351206,0.0357651786444737,17776254270.2,4341717109.7,0
South Africa,ZAF,2007,297685145427.081,333075462599.71,26.4193022059304,0.0623186722792878,17830606688.1,2725258984.1,0
South Africa,ZAF,2008,307184409060.741,316132138757.081,26.4507140851766,0.0680666743504879,21507485609.5,3161463021.6,0
South Africa,ZAF,2009,302459639039.778,329753048857.052,26.4352136808536,0.0269023928524107,23315906588.8,3183635801.8,0
South Africa,ZAF,2010,311653604140.269,417365076968.257,26.4651581648393,0.0311829996630986,36311284869.3,3238789974.3,0
South Africa,ZAF,2011,321528523981.702,458201514136.977,26.4963520982491,0.0367130558978876,44281016295.4,3773749359,0
South Africa,ZAF,2012,329233094599.263,434400545085.811,26.5200318310709,0.0347289115447245,61120628687.8,5981943819.3,0
South Africa,ZAF,2013,337416077838.151,400886013595.573,26.5445826580811,0.0336158613798632,60050223345,8420695400.1,0
South Africa,ZAF,2014,342186555600.731,381198869776.106,26.5586219094993,0.0219912356230178,62651352810,4428844206.6,0
South Africa,ZAF,2015,346709790458.563,346709790458.563,26.5717539282308,0.00945937717953289,53907765164.2,15888056284,0
South Africa,ZAF,2016,349013858372.625,323585509674.481,26.5783774671645,-0.00958096106171825,69681890290.6,5691758879.1,0
South Africa,ZAF,2017,353055253707.071,381448814653.456,26.5898904077131,-0.0237318976881511,90625120863.4,5532512045.4,0
South Africa,ZAF,2018,358429917588.125,404159690890.846,26.6049989899766,-0.0342871925996958,88663075388.7,15700635589.4,0
South Africa,ZAF,2019,359517584766.516,388531954110.604,26.6080289274217,-0.0569211323296035,102050906956.6,7673261996.7,0
South Africa,ZAF,2020,336715285679.696,337619680138.494,26.5425035605971,-0.14811037632928,99429676214.9,11111463417.9,0
South Africa,ZAF,2021,353258433207.809,419015018371.887,26.5904657314258,-0.125812082675522,95175532839.9,11283728175.1,0
